model,precision,recall,f1,accuracy,AUC
Random Forest FE CV Test,0.9093264248704663,0.8819095477386935,0.8954081632653061,0.9658190912880367,0.9322091466829399
XGB FE CV Val,0.9005102040816326,0.8869346733668342,0.8936708860759494,0.9649708090075062,0.9337173366834172
Random Forest FE CV Val,0.9224598930481284,0.8668341708542714,0.8937823834196891,0.9658048373644704,0.9261670854271358
Decision Tree FE CV Val,0.787746170678337,0.9045226130653267,0.8421052631578947,0.9437030859049208,0.9280113065326633
Decision Tree CV Val,0.925,0.9296482412060302,0.9273182957393483,0.97581317764804,0.9573241206030151
Random Forest CV Val,0.9892761394101877,0.9271356783919598,0.9571984435797666,0.9862385321100917,0.9625678391959799
XGB CV Val,0.9681697612732095,0.9170854271356784,0.9419354838709677,0.9812343619683069,0.9555427135678393
