model,precision,recall,f1,accuracy,AUC
Random Forest FE CV Test,0.9093264248704663,0.8819095477386935,0.8954081632653061,0.9658190912880367,0.9322091466829399
XGB FE CV Val,0.9005102040816326,0.8869346733668342,0.8936708860759494,0.9649708090075062,0.9337173366834172
Random Forest FE CV Val,0.9224598930481284,0.8668341708542714,0.8937823834196891,0.9658048373644704,0.9261670854271358
Decision Tree FE CV Val,0.787746170678337,0.9045226130653267,0.8421052631578947,0.9437030859049208,0.9280113065326633
