feature,coefficient
passenger_count,0.030821475578930932
mean_distance,7.13374075181764
mean_duration,2.812239074040194
rush_hour,0.11023397022150844
VendorID_2,-0.05437012159210022
intercept,12.891746241533124
